{
  "groups": [
    {
      "model": "mock",
      "lang": "EN",
      "context": "naturalistic",
      "level": "nc",
      "measurements": {
        "sim_P_Syn": {
          "mean": 0.21788047457408255,
          "std": 0.22397380629987867,
          "median": 0.11735863752106761,
          "n": 6,
          "spearman_comp": 0.08571428571428573,
          "spearman_p": 0.8717434402332361
        },
        "sim_P_Comp": {
          "mean": 0.7053634132146755,
          "std": 0.03503411859332356,
          "median": 0.715348143586455,
          "n": 6,
          "spearman_comp": -0.6571428571428573,
          "spearman_p": 0.15617492711370237
        },
        "sim_P_WordsSyn": {
          "mean": -0.03484027087368987,
          "std": 0.18177149036766152,
          "median": -0.02773842677029613,
          "n": 6,
          "spearman_comp": 0.2,
          "spearman_p": 0.704
        },
        "sim_P_Rand": {
          "mean": 0.02330980139026646,
          "std": 0.04996443038588202,
          "median": 0.03882038242753134,
          "n": 6,
          "spearman_comp": 0.2571428571428572,
          "spearman_p": 0.6227871720116618
        },
        "aff_Syn|WordsSyn": {
          "mean": 0.25272074544777245,
          "std": 0.3025686463316793,
          "median": 0.3555195552523145,
          "n": 6,
          "spearman_comp": 0.14285714285714288,
          "spearman_p": 0.7871720116618075
        },
        "aff_Syn|Rand": {
          "mean": 0.19457067318381613,
          "std": 0.2719878203452694,
          "median": 0.06561756019621567,
          "n": 6,
          "spearman_comp": 0.08571428571428573,
          "spearman_p": 0.8717434402332361
        },
        "simR_Syn": {
          "mean": 0.18623429336027697,
          "std": 0.26228255518174803,
          "median": 0.0672000962846051,
          "n": 6,
          "spearman_comp": 0.08571428571428573,
          "spearman_p": 0.8717434402332361
        },
        "simR_WordsSyn": {
          "mean": -0.06259999095232682,
          "std": 0.20134256773555015,
          "median": -0.03195148600539649,
          "n": 6,
          "spearman_comp": 0.14285714285714288,
          "spearman_p": 0.7871720116618075
        }
      }
    },
    {
      "model": "mock",
      "lang": "EN",
      "context": "neutral",
      "level": "nc",
      "measurements": {
        "sim_P_Syn": {
          "mean": 0.21788047457408255,
          "std": 0.22397380629987867,
          "median": 0.11735863752106761,
          "n": 6,
          "spearman_comp": 0.08571428571428573,
          "spearman_p": 0.8717434402332361
        },
        "sim_P_Comp": {
          "mean": 0.7053634132146755,
          "std": 0.03503411859332356,
          "median": 0.715348143586455,
          "n": 6,
          "spearman_comp": -0.6571428571428573,
          "spearman_p": 0.15617492711370237
        },
        "sim_P_WordsSyn": {
          "mean": -0.03484027087368987,
          "std": 0.18177149036766152,
          "median": -0.02773842677029613,
          "n": 6,
          "spearman_comp": 0.2,
          "spearman_p": 0.704
        },
        "sim_P_Rand": {
          "mean": 0.02330980139026646,
          "std": 0.04996443038588202,
          "median": 0.03882038242753134,
          "n": 6,
          "spearman_comp": 0.2571428571428572,
          "spearman_p": 0.6227871720116618
        },
        "aff_Syn|WordsSyn": {
          "mean": 0.25272074544777245,
          "std": 0.3025686463316793,
          "median": 0.3555195552523145,
          "n": 6,
          "spearman_comp": 0.14285714285714288,
          "spearman_p": 0.7871720116618075
        },
        "aff_Syn|Rand": {
          "mean": 0.19457067318381613,
          "std": 0.2719878203452694,
          "median": 0.06561756019621567,
          "n": 6,
          "spearman_comp": 0.08571428571428573,
          "spearman_p": 0.8717434402332361
        },
        "simR_Syn": {
          "mean": 0.18623429336027697,
          "std": 0.26228255518174803,
          "median": 0.0672000962846051,
          "n": 6,
          "spearman_comp": 0.08571428571428573,
          "spearman_p": 0.8717434402332361
        },
        "simR_WordsSyn": {
          "mean": -0.06259999095232682,
          "std": 0.20134256773555015,
          "median": -0.03195148600539649,
          "n": 6,
          "spearman_comp": 0.14285714285714288,
          "spearman_p": 0.7871720116618075
        }
      }
    },
    {
      "model": "mock",
      "lang": "EN",
      "context": "naturalistic",
      "level": "sentence",
      "measurements": {
        "sim_P_Syn": {
          "mean": 0.8575281898998144,
          "std": 0.08445157431446122,
          "median": 0.8970170299094324,
          "n": 6,
          "spearman_comp": 0.2571428571428572,
          "spearman_p": 0.6227871720116618
        },
        "sim_P_Comp": {
          "mean": 0.9561896697170432,
          "std": 0.015859403246392356,
          "median": 0.9582732704055126,
          "n": 6,
          "spearman_comp": 0.028571428571428574,
          "spearman_p": 0.9571545189504373
        },
        "sim_P_WordsSyn": {
          "mean": 0.8233777082436152,
          "std": 0.06544162470583666,
          "median": 0.8499246143669157,
          "n": 6,
          "spearman_comp": -0.08571428571428573,
          "spearman_p": 0.8717434402332361
        },
        "sim_P_Rand": {
          "mean": 0.8383590978417006,
          "std": 0.051560746605320756,
          "median": 0.8499621501146679,
          "n": 6,
          "spearman_comp": 0.028571428571428574,
          "spearman_p": 0.9571545189504373
        },
        "aff_Syn|WordsSyn": {
          "mean": 0.03415048165619896,
          "std": 0.032423794364501234,
          "median": 0.041149218014570055,
          "n": 6,
          "spearman_comp": 0.028571428571428574,
          "spearman_p": 0.9571545189504373
        },
        "aff_Syn|Rand": {
          "mean": 0.019169092058113717,
          "std": 0.04401243466066622,
          "median": 0.030480595613844363,
          "n": 6,
          "spearman_comp": 0.08571428571428573,
          "spearman_p": 0.8717434402332361
        },
        "simR_Syn": {
          "mean": 0.17494884396087948,
          "std": 0.26608850943315854,
          "median": 0.2287085251714998,
          "n": 6,
          "spearman_comp": 0.08571428571428573,
          "spearman_p": 0.8717434402332361
        },
        "simR_WordsSyn": {
          "mean": -0.09444126277580589,
          "std": 0.16512195097836507,
          "median": -0.16683955158756808,
          "n": 6,
          "spearman_comp": 0.08571428571428573,
          "spearman_p": 0.8717434402332361
        }
      }
    },
    {
      "model": "mock",
      "lang": "EN",
      "context": "neutral",
      "level": "sentence",
      "measurements": {
        "sim_P_Syn": {
          "mean": 0.7167445963201396,
          "std": 0.06925120989703655,
          "median": 0.7205880341150807,
          "n": 6,
          "spearman_comp": 0.3714285714285715,
          "spearman_p": 0.46847813411078715
        },
        "sim_P_Comp": {
          "mean": 0.895447488600436,
          "std": 0.02434264091447724,
          "median": 0.8991482882139925,
          "n": 6,
          "spearman_comp": 0.48571428571428577,
          "spearman_p": 0.3287230320699709
        },
        "sim_P_WordsSyn": {
          "mean": 0.6001190195999394,
          "std": 0.0958002914377665,
          "median": 0.5994890380980336,
          "n": 6,
          "spearman_comp": 0.2571428571428572,
          "spearman_p": 0.6227871720116618
        },
        "sim_P_Rand": {
          "mean": 0.6535874031341683,
          "std": 0.029460393683713594,
          "median": 0.6609412678509148,
          "n": 6,
          "spearman_comp": 0.48571428571428577,
          "spearman_p": 0.3287230320699709
        },
        "aff_Syn|WordsSyn": {
          "mean": 0.11662557672020017,
          "std": 0.09327584935973801,